;C_eps;C_rmin;H-C_eps;H-C_rmin
0;0.10301872;1.95897582;0.01328341;1.51102746
1;0.09839695;1.98912388;0.00891157;1.5142431
2;0.11579315;1.96691091;0.00753784;1.51503884
3;0.10187152;1.98224093;0.0244541;1.55486877
